TEXT,LANGUAGE
உங்கள் அனைவரையும் வரவேற்கிறது,TAMIL
आप सभी का स्वागत है,HINDI
ನಿಮ್ಮೆಲ್ಲರನ್ನು ಸ್ವಾಗತಿಸುತ್ತದೆ,KANNADA
మీ అందరికీ స్వాగతం,TELUGU
നിങ്ങളെ എല്ലാവരെയും സ്വാഗതം ചെയ്യുന്നു,MALAYALAM
آپ سب کو خوش آمدید کہتے ہیں۔,URDU
WELCOME,ENGLISH
 WELCOME YOU ALL,ENGLISH
வரவேற்பு,TAMIL
ಸ್ವಾಗತ,KANNADA
స్వాగతం,TELUGU
സ്വാഗതം,MALAYALAM
خوش آمدید,URDU
کیا آپ انگلش بول سکتے ہیں,URDU
നീ ഇംഗ്ലീഷ് സംസാരിക്കുമോ,MALAYALAM
మీరు ఇంగ్లీష్ మాట్లాడతారా,TELUGU
ನೀವು ಇಂಗ್ಲಿಷ್ ಮಾತನಾಡುತ್ತೀರಾ,KANNADA
நீங்கள் ஆங்கிலம் பேசுகிறீர்களா,TAMIL
DO YOU SPEAK ENGLISH,ENGLISH
CAN YOU HELP ME,ENGLISH
کیا آپ میری مدد کر سکتے ہیں,URDU
എന്നെ സഹായിക്കാമോ,MALAYALAM
మీరు నాకు సహాయం చేయగలరా,TELUGU
ನೀವು ನನಗೆ ಸಹಾಯ ಮಾಡಬಹುದು,KANNADA
நீங்கள் எனக்கு உதவ முடியுமா,TAMIL
WHERE IS THE HOTEL,ENGLISH
ہوٹل کہاں ہے؟,URDU
ഹോട്ടൽ എവിടെയാണ്,MALAYALAM
హోటల్ ఎక్కడ ఉంది,TELUGU
ಹೋಟೆಲ್ ಎಲ್ಲಿದೆ,KANNADA
ஹோட்டல் எங்கே,TAMIL
مجھے یہ پسند ہے,URDU
എനിക്ക് ഇഷ്ടപ്പെട്ടു,MALAYALAM
నాకు అది నచ్చింది,TELUGU
ನನಗೆ ಅದು ಇಷ್ಟವಾಯಿತು,KANNADA
எனக்கு அது பிடித்திருந்தது,TAMIL
I LIKED IT,ENGLISH
I WENT TO TEMPLE,ENGLISH
میں مندر گیا۔,URDU
ഞാൻ അമ്പലത്തിൽ പോയി,MALAYALAM
నేను గుడికి వెళ్ళాను,TELUGU
ನಾನು ದೇವಸ್ಥಾನಕ್ಕೆ ಹೋಗಿದ್ದೆ,KANNADA
நான் கோவிலுக்கு சென்றேன்,TAMIL
I WENT TO OFFICE,ENGLISH
وہ ہر صبح ورزش کرتی ہے۔,URDU
അവൾ എല്ലാ ദിവസവും രാവിലെ വ്യായാമം ചെയ്യുന്നു.,MALAYALAM
"నేను ఆలయానికి వెళ్ళాను, ఆమె ప్రతి ఉదయం వ్యాయామం చేస్తుంది.",TELUGU
ಅವಳು ಪ್ರತಿದಿನ ಬೆಳಿಗ್ಗೆ ವ್ಯಾಯಾಮ ಮಾಡುತ್ತಾಳೆ.,KANNADA
அவள் தினமும் காலையில் உடற்பயிற்சி செய்கிறாள்.,TAMIL
Use simple and clear language thateveryonecanunderstand.,ENGLISH
آسان اور صاف زبان استعمال کریں جسے ہر کوئی سمجھ سکے۔,URDU
ಎಲ್ಲರಿಗೂ ಅರ್ಥವಾಗುವ ಸರಳ ಮತ್ತು ಸ್ಪಷ್ಟ ಭಾಷೆಯನ್ನು ಬಳಸಿ.,KANNADA
सरल और स्पष्ट भाषा का प्रयोग करें जिसे हर कोई समझ सके।,HINDI
அனைவருக்கும் புரியும் எளிய மற்றும் தெளிவான மொழியைப் பயன்படுத்தவும்.,TAMIL
ప్రతి ఒక్కరూ అర్థం చేసుకోగలిగే సరళమైన మరియు స్పష్టమైన భాషను ఉపయోగించండి.,TELUGU
എല്ലാവർക്കും മനസ്സിലാകുന്ന ലളിതവും വ്യക്തവുമായ ഭാഷ ഉപയോഗിക്കുക.,MALAYALAM
SWITCH OFF THE LIGHT,ENGLISH
ലൈറ്റ് ഓഫ് ചെയ്യുക,MALAYALAM
لائٹ بند کر دیں۔,URDU
ಲೈಟ್ ಆಫ್ ಮಾಡಿ,KANNADA
रौशनी बंद कर दो,HINDI
ஒளியை அணைக்கவும்,TAMIL
లైట్ స్విచ్ ఆఫ్ చేయండి,TELUGU
WHAT'S GOING HERE,ENGLISH
ഇവിടെ എന്താണ് നടക്കുന്നത്,MALAYALAM
یہاں کیا ہو رہا ہے۔,URDU
ಇಲ್ಲಿ ಏನಾಗುತ್ತಿದೆ,KANNADA
यहाँ क्या हो रहा है?,HINDI
இங்கே என்ன நடக்கிறது,TAMIL
ఇక్కడ ఏమి జరుగుతోంది,TELUGU
GOOD NIGHT,ENGLISH
ശുഭ രാത്രി,MALAYALAM
شب بخیر,URDU
ಶುಭ ರಾತ್ರಿ,KANNADA
शुभ रात्रि,HINDI
இனிய இரவு,TAMIL
శుభ రాత్రి,TELUGU
DID YOU SEE THE MOVIE YESTERDAY ,ENGLISH
کیا آپ نے کل فلم دیکھی تھی۔,URDU
നിങ്ങൾ ഇന്നലെ സിനിമ കണ്ടോ,MALAYALAM
क्या आपने कल फिल्म देखी?,HINDI
ನೀವು ನಿನ್ನೆ ಚಲನಚಿತ್ರವನ್ನು ನೋಡಿದ್ದೀರಾ,KANNADA
நேற்று படம் பார்த்தீர்களா,TAMIL
మీరు నిన్న సినిమా చూసారా,TELUGU
don't laugh like a devil,ENGLISH
പിശാചിനെപ്പോലെ ചിരിക്കരുത്,MALAYALAM
شیطان کی طرح مت ہنسو,URDU
शैतान की तरह मत हंसो,HINDI
ದೆವ್ವದಂತೆ ನಗಬೇಡ,KANNADA
பிசாசு போல் சிரிக்காதே,TAMIL
దెయ్యంలా నవ్వకండి,TELUGU
ARE YOU ALRIGHT NOW,ENGLISH
ഇപ്പോൾ സുഖമാണോ,MALAYALAM
کیا آپ ابھی ٹھیک ہیں؟,URDU
क्या आप अब ठीक हैं?,HINDI
ನೀನು ಈಗ ಚೆನ್ನಾಗಿದ್ದೀಯಾ,KANNADA
మీరు ఇప్పుడు బాగున్నారా,TELUGU
இப்போது நலமாக உள்ளீர்களா,TAMIL
THANK YOU FOR VISIT,ENGLISH
സന്ദർശനത്തിന് നന്ദി,MALAYALAM
وزٹ کے لیے آپ کا شکریہ,URDU
आने के लिए धन्यवाद,HINDI
ಭೇಟಿಗಾಗಿ ಧನ್ಯವಾದಗಳು,KANNADA
సందర్శించినందుకు ధన్యవాదాలు,TELUGU
வருகைக்கு நன்றி,TAMIL
DID YOU FINISH YOUR LUNCH,ENGLISH
کیا آپ نے اپنا لنچ ختم کر لیا؟,URDU
क्या आपने अपना दोपहर का भोजन ख़त्म कर लिया?,HINDI
ನೀವು ನಿಮ್ಮ ಊಟವನ್ನು ಮುಗಿಸಿದ್ದೀರಾ,KANNADA
നിങ്ങൾ ഉച്ചഭക്ഷണം പൂർത്തിയാക്കിയോ,MALAYALAM
మీరు మీ లంచ్ ముగించారా,TELUGU
உங்கள் மதிய உணவை முடித்துவிட்டீர்களா,TAMIL
WHERE ARE YOU COMING FROM,ENGLISH
تم کہاں سے آرہے ہو,URDU
आप कहां से आ रहे हैं,HINDI
ನೀವು ಎಲ್ಲಿಂದ ಬರುತ್ತಿದ್ದೀರಾ,KANNADA
താങ്കൾ എവിടെ നിന്ന് വരുന്നു,MALAYALAM
నువ్వు ఎక్కడి నుండి వస్తున్నావు,TELUGU
நீ எங்கிருந்து வருகிறாய்,TAMIL
Tamil is a beautiful language,ENGLISH
تامل ایک خوبصورت زبان ہے۔,URDU
तमिल एक खूबसूरत भाषा है,HINDI
ತಮಿಳು ಒಂದು ಸುಂದರ ಭಾಷೆ,KANNADA
തമിഴ് മനോഹരമായ ഭാഷയാണ്,MALAYALAM
తమిళం ఒక అందమైన భాష,TELUGU
தமிழ் அழகான மொழி,TAMIL
College leave for today,ENGLISH
آج کالج کی چھٹی,URDU
आज कॉलेज की छुट्टी,HINDI
ഇന്ന് കോളേജിന് അവധി,MALAYALAM
ఈరోజు కాలేజీకి సెలవు,TELUGU
ಇವತ್ತು ಕಾಲೇಜಿಗೆ ರಜೆ,KANNADA
ARE YOU FINE,ENGLISH
آپ ٹھیک ہیں,URDU
क्या आप ठीक हैं,HINDI
നിങ്ങൾക്ക് സുഖമാണോ,MALAYALAM
నువ్వు క్షేమమేనా,TELUGU
ನೀವು ಚೆನ್ನಾಗಿದ್ದೀರಾ,KANNADA
நீங்கள் நலமாக இருக்கிறீர்களா,TAMIL
வணக்கம்,TAMIL
Hello ,ENGLISH
హలో,TELUGU
السلام علیکم ,URDU
ഹലോ,MALAYALAM
ನಮಸ್ಕಾರ,KANNADA
ಶುಭಾಷಯಗಳು ,KANNADA
അഭിവാദ്യം ,MALAYALAM
శుభాకాంక్షలు,TELUGU
எப்படி அழகான இடம்!,TAMIL
What a beautiful place!,ENGLISH
ఏ అంగనం చూసారు! ,TELUGU
کتنا خوبصورت مقام ہے! ,URDU
എങ്ങനെ സുന്ദരമായ സ്ഥലം!,MALAYALAM
ಎಷ್ಟು ಸುಂದರವಾದ ಸ್ಥಳ!,KANNADA
நேரம் என்ன,TAMIL
What is the time?,ENGLISH
సమయం ఏమిటి? ,TELUGU
وقت کیا ہوا ہے؟ ,URDU
സമയം എന്താണ്?,MALAYALAM
ಸಮಯ ಏನು?,KANNADA
When did you come?,ENGLISH
ఎప్పుడు రాను? ,TELUGU
آپ کب آئے ہیں؟ ,URDU
എപ്പോഴും വന്നതായിരിക്കുക,MALAYALAM
ನೀವು ಯಾವಾಗ ಬಂದಿದ್ದೀರಾ?,KANNADA
சந்தோஷம் ,TAMIL
Happiness,ENGLISH
ఆనందం ,TELUGU
خوشی ,URDU
സന്തോഷം ,MALAYALAM
ಸಂತೋಷ ,KANNADA
Don't forget old things,ENGLISH
పాత వస్తువులను మర్చిపోకండి ,TELUGU
പഴയ കാരണങ്ങൾ മറക്കരുത് ,MALAYALAM
پرانی چیزوں کو بھولنا نہیں ,URDU
ಹಳೆಯ ವಿಷಯಗಳನ್ನು ಮರೆಯಬೇಡಿ,KANNADA
When will the work be completed,ENGLISH
ఎప్పుడు పని ముగియిపోతుంది,TELUGU
کام کب مکمل ہوگا؟,URDU
എപ്പോൾ ജോലി അവസാനിക്കും,MALAYALAM
ಎಪ್ಪಾಡು ಕೆಲಸ ಮುಗಿಯುತ್ತದೆ?,KANNADA
நாளைக்கு பார்க்கோம் ,TAMIL
Let's see tomorrow.,ENGLISH
రేపు చూస్తాం,TELUGU
ہمیں کل دیکھ لیں,URDU
നാളെ കാണാം,MALAYALAM
ನಾವು ನಾಳೆ ನೋಡೋಣ,KANNADA
உனக்கு புரியுதா,TAMIL
Do you understand?,ENGLISH
మీకు అర్థం అయిందా?,TELUGU
کیا آپ کو سمجھ آیا ہے؟,URDU
നിനക്ക് അറിയുന്നുണ്ടോ?,MALAYALAM
ನೀನಿಗೆ ಅರ್ಥವಾಗುತ್ತಿದೆಯೇ?,KANNADA
அவனுக்கு கருள் பயம் உள்ளது,TAMIL
He is afraid of the dark.,ENGLISH
అతనికి అంధకారం భయపడుతుంది,TELUGU
اسے تاریکی سے خوف ہے,URDU
അവൻ കറുത്തകാലത്തെ ഭയപ്പെടുന്നു,MALAYALAM
ಅವನಿಗೆ ಕತ್ತಲಲ್ಲಿ ಭಯವಾಗಿದೆ,KANNADA
क्या आपको समझ आया है,HINDI
उसे अंधेरे से डर लगता है,HINDI
நாளைக்கு பாப்போம்,TAMIL
: कल मिलेगा,HINDI
எப்போ வேலை முடிபா,TAMIL
इसका काम समाप्त हो गया है,HINDI
पुरानी बातें भूल मत जाना ,HINDI
आनंद,HINDI
"Everyone, come and eat",ENGLISH
"सभी, आओ और खाओ",HINDI
"అంగడికి రా, ఆకలిని తినండి",TELUGU
ب آئیں اور کھائیں,URDU
എല്ലാരും സപ്പോടെ വാങ്ങൂ,MALAYALAM
"ಎಲ್ಲರೂ ಬನ್ನಿ, ಭೋಜನ ಮಾಡಿ",KANNADA
Nice to meet you,ENGLISH
आपसे मिलकर खुशी हुई,HINDI
మీరు కలిసి ఖుషిగా ఉంది,TELUGU
آپ سے مل کر خوشی ہوئی,URDU
നിനച്ചതിന് സന്ദർശിക്കുന്നത് സ്വന്തമാകുക,MALAYALAM
ನಿನಗೆ ಭೇಟಿಯಾಗಿ ಸಂತೋಷವಾಗಿದೆ,KANNADA
உங்களை சந்திக்க மிகுந்த மகிழ்ச்சி,TAMIL
Tomorrow is a holiday,ENGLISH
कल छुट्टी है,HINDI
నాళ్లు అవకాశం,TELUGU
کل چھٹی ہے,URDU
നാളെ കാലം,MALAYALAM
ನಾಳೆ ರಜಾ ,KANNADA
அவன் ஒரு புத்தகம் படிக்கின்றான்,TAMIL
He is reading a book,ENGLISH
वह किताब पढ़ रहा है ,HINDI
అతను ఒక పుస్తకం చదువుతున్నాడు,TELUGU
وہ کتاب پڑھ رہا ہے,URDU
അവൻ ഒരു പുസ്തകം വായിക്കുന്നു,MALAYALAM
ಅವನು ಒಂದು ಪುಸ್ತಕವನ್ನು ಓದುತ್ತಿದ್ದಾನೆ,KANNADA
Call me when you get home,ENGLISH
"जब आप घर पहुंचें, मुझे कॉल करें",HINDI
: మీరు ఇంటికి చేరిపోతే నాకు కాల్ చేయండి,TELUGU
جب آپ گھر پہنچیں تو مجھے کال کریں,URDU
നിനക്ക് വീടു എത്തുമ്പോൾ ഞാൻ വിളിക്കാൻ നിനക്ക് അനുവദിക്കുന്നു,MALAYALAM
ನೀವು ಮನೆಗೆ ಬಂದಾಗ ನನಗೆ ಕರೆ ಮಾಡಿ,KANNADA
நீங்கள் வீட்டிற்கு வந்ததும் என்னை அழைக்கவும்,TAMIL
Don't forget to buy vegetables,ENGLISH
காய்கறிகள் வாங்க மறக்காதே,TAMIL
सब्जियां खरीदना मत भूलिए ,HINDI
కూరగాయలు కొనడానికి మర్చిపోకుండా,TELUGU
سبزیاں خریدنا مت بھولیں,URDU
പച്ചക്കറി വാങ്ങാൻ മറക്കരുത്,MALAYALAM
ಹುರುಳಿಗಳನ್ನು ಖರೀದಿಸಲು ಮರೆಯಬೇಡಿ,KANNADA
Don't worry about it,ENGLISH
इसकी चिंता मत करो ,HINDI
అది పరిస్థితి లేదు,TELUGU
اس بارے میں فکر نہ کرو,URDU
അതിനെ ചിന്തിക്കാതെ,MALAYALAM
ಅದನ್ನು ಚಿಂತಿಸಬೇಡ,KANNADA
அதைப் பற்றி கவலைப்பட வேண்டாம்,TAMIL
What do you want to eat?,ENGLISH
நீங்கள் என்ன உண்ண விரும்புகிறீர்கள்,TAMIL
आप क्या खाना चाहते हैं?,HINDI
మీరు ఏమి తినాలి,TELUGU
آپ کو کیا کھانا چاہئے,URDU
നിനക്ക് എന്താണ് ഭക്ഷണം ആവശ്യമാക്കുക,MALAYALAM
ನೀವು ಏನನ್ನು ತಿನಬಹುದು,KANNADA
How can I help you?,ENGLISH
मैं आपकी कैसे सहायता कर सकता हूँ? ,HINDI
నేను మీకు ఎలా సహాయించగలను? ,TELUGU
میں آپ کی کس طرح مدد کر سکتا ہوں؟ ,URDU
ഞാൻ നിനക്ക് എങ്ങനെ സഹായിക്കാം?,MALAYALAM
ನೀವು ಹೇಗೆ ಸಹಾಯ ಮಾಡಬಹುದು?,KANNADA
நான் உங்களுக்கு எப்படி உதவ முடியும்?,TAMIL
Why are you late?,ENGLISH
ஏன் தாமதமாக வந்தாய்?,TAMIL
तुम देर क्यों हो? ,HINDI
మీరు ఎందుకు తాముగా ఉన్నారు?,TELUGU
آپ دیر سے کیوں ہیں؟,URDU
നിനക്ക് എങ്ങനെ വന്നായി?,MALAYALAM
ನೀನು ಏನಾದ್ದು ಕೊಡವಿಯಾಗಿದ್ದೀಯಾ? ,KANNADA
ಕಿಟಕಿ ಬದಿಯಲ್ಲಿ ನಿಲುಕೊ,KANNADA
کھڑا ہو جھلی پر,URDU
खिड़की के पास खड़ा हो,HINDI
కిటకి కరుకొను,TELUGU
കടക്കലുക എന്നിലേക്ക്,MALAYALAM
Stand by the window,ENGLISH
Stand against the window,ENGLISH
ಕಿಟಕಿನ ವಿರುದ್ಧ ನಿಲು,KANNADA
کھڑے ہوں کھڑکی کے خلاف ,URDU
खिड़की के सामने खड़े रहो ,HINDI
విండోలో నిండండి,TELUGU
വിന്‍ഡോ എത്ര നിന്നുണ്ട് ,MALAYALAM
The fan is above the table.,ENGLISH
ಟೇಬಲ್ ಮೇಲೆ ಪೇಂ ಇದೆ,KANNADA
میز کے اوپر پنکھا ہے,URDU
मेज़ के ऊपर पंखा है,HINDI
టేబుల్ పైన ఫ్యాన్ ఉంది,TELUGU
ടേബിൾ മേലെ പനക്ക് ഉണ്ട്,MALAYALAM
അവനെ ആശുപത്രിക്ക് കൊണ്ടു പോകുക,MALAYALAM
మీరు అతను ఆసుపత్రికి తీసుకోండి.,TELUGU
आप उसे अस्पताल ले जाएं।,HINDI
آپ اُسے ہسپتال لے جائیں۔,URDU
ಅವನನ್ನು ಆಸ್ಪತ್ರೆಗೆ ಕರೆದೊಯ್ಯಿ,KANNADA
You take him to the hospital.,ENGLISH
അവന്‍ കൊരുത്തുകയാണ് ,MALAYALAM
అతనికి గంభీరంగా గాయం కలిగింది,TELUGU
उसे गंभीर रूप से चोट आई है,HINDI
اسے سنگین چوٹ لگ گئی ہے ,URDU
ಅವನು ಗಂಭೀರವಾಗಿ ಗಾಯವಾದನು,KANNADA
He got seriously injured,ENGLISH
அவன் கடினமாக காயம் பெற்றான்,TAMIL
படுக்கையிலிருந்து விரைவில் எழு,TAMIL
Get up quickly from the bed.,ENGLISH
ಹಟತೀವು ಹತ್ತಿರವಿನಿಂದ ಎದ್ದು ನಿಂತುಕೊಳ್ಳಿ ,KANNADA
بستر سے تیزی سے اٹھیں,URDU
बिस्तर से तेजी से उठें ,HINDI
పట్టించిన నుండి త్వరగా ఎదురుకోండి,TELUGU
കടിച്ചുവീഴുക വേഗത്തിൽ,MALAYALAM
You eat the food without being left over,ENGLISH
ನೀವು ಉಣಿಸಿಕೊಳ್ಳುತ್ತೀರಿ ಉಳಿಸಿಕೊಳ್ಳದೆ,KANNADA
آپ خوراک خوریں بغیر بچا کچہ,URDU
तुम भोजन करो बिना बचे हुए,HINDI
మీరు ఉండదు లేక ఆహారాన్ని తినండి,TELUGU
നിനക്ക് ഇടം വിടാതെ ഭക്ഷണം കഴിക്കൂ,MALAYALAM
Keep the box upside down,ENGLISH
ಕಟ್ಟಿರುವ ಪೆಟ್ಟಿಯನ್ನು ಕೆಳಗೆ ತರಿಸಿ,KANNADA
ڈبہ الٹا رکھیں ,URDU
डिब्बा उलटा रखें ,HINDI
పెట్టిని తలుపుతో ఉంచండి,TELUGU
പെട്ടിയെ കീഴടക്കുക,MALAYALAM
உங்கள் கையை உயர்த்து,TAMIL
Raise your hand,ENGLISH
ನಿಮ್ಮ ಕೈಯನ್ನು ಎತ್ತಿ,KANNADA
اپنا ہاتھ اٹھائیں,URDU
अपना हाथ उठाएं,HINDI
మీ చేతిని పెడియండి ,TELUGU
നിനച്ചത് കൊണ്ട് പിന്നെ,MALAYALAM
Lift the luggage,ENGLISH
ಸೌಕರ್ಯಾನುಸಾರ ಸಾಮಾನು ಎತ್ತಿ,KANNADA
سامان اٹھائیں,URDU
सामान उठाएं ,HINDI
బాగా సామాను ఎత్తు,TELUGU
സാമാനിൽ നിന്ന് ഏറ്റെടുക്കുക,MALAYALAM
He is asking for more money for the car.,ENGLISH
ಅವನು ಕಾರಿಗಾಗಿ ಇನ್ನೊಂದು ಹಣವನ್ನು ಕೇಳುತ್ತಿದ್ದಾನೆ,KANNADA
اس نے گاڑی کے لئے مزید پیسے مانگے ہیں۔,URDU
उसने कार के लिए और पैसे मांग रखे हैं।,HINDI
అతను కారుకు మరిన్ని డబ్బులు కోరుకుంటున్నాడు,TELUGU
അവൻ കാർക്ക് കൂടുതൽ പണം അഭ്യന്തരമാക്കുന്നു.,MALAYALAM
அவன் காருக்கு இன்னொரு பணம் கேட்டுக்கொள்கிறான்.,TAMIL
I apologize if my words seemed harsh; that was not my intention.,ENGLISH
ಆ ದೃಷ್ಟಿಕೋಣವನ್ನು ಕಠಿಣವಾಗಿ ವಿಮರ್ಶಿಸಲು ನಾನು ಹೇಳಿದ ವಿಷಯಕ್ಕೆ ಕ್ಷಮಿಸಿ.,KANNADA
"میرے الفاظ بہت سخت لگے ہوئے تو معاف کریں، یہ میرا ارادہ نہیں تھا۔",URDU
"मुझसे गुस्सा करने का मेरा इरादा नहीं था, मैं खेद करता हूँ अगर मेरे शब्द कठोर लगे हों.",HINDI
"అలా నాకు చెప్పినంత కఠినంగా అనిపించినట్లు కోరుకుంటున్నాం, దయచేసి క్షమించండి.",TELUGU
ഞാൻ അത് അകറ്റുന്നതിന് ഞാൻ ആശങ്കിക്കുന്നു; അത് എനിക്കു ഉചിതമല്ലെങ്കിൽ എനിക്ക് എന്റെ കടമയുള്ളവനാകരുത്.,MALAYALAM
அவன் எப்போதும் நல்லவன் ,TAMIL
He is such a nice person,ENGLISH
 ಅವನು ಹೊಸಾಗಿ ಒಳ್ಳೆಯ ವ್ಯಕ್ತಿ,KANNADA
وہ بہت اچھا انسان ہے,URDU
वह बहुत अच्छा आदमी है,HINDI
అతను అందరికీ మంచి వ్యక్తి,TELUGU
അവന്‍ ഒരു നല്ല വ്യക്തി ആണ്,MALAYALAM
"Those who would like to accompany me, please join.",ENGLISH
"ಯಾರಿಗೆ ನನ್ನೊಡನೆ ಬರಲು ಇಷ್ಟವಿದೆಯೋ, ದಯವಿಟ್ಟು ಬನ್ನಿ.",KANNADA
"جو لوگ میرے ساتھ آنا چاہتے ہیں، براہ کرم آئیں۔",URDU
"जो लोग मेरे साथ आना चाहते हैं, कृपया आइए।",HINDI
"నాతో రాని వాళ్ళు, దయచేసి రాని వాళ్ళు రావాలంటే.",TELUGU
"എനിക്ക് ഇഷ്ടപ്പെടുന്നവർ, ദയവായി വരുക",MALAYALAM
ദയവായി കടവു അടഞ്ഞിരിക്കുക,MALAYALAM
దయచేసి ద్వారం అంగీకరించబడింది అని ఖచితంగా చేయండి ,TELUGU
कृपया सुनिश्चित करें कि दरवाजा बंद है।,HINDI
"براہ کرم، یہ یقینی بنائیں کہ دروازہ بند ہے۔",URDU
ದಯವಿಟ್ಟು ಬಾಗಿಲು ಹಾಕಿದೆಯೇನೋ ಖಚಿತವಾಗಿರಿ,KANNADA
Please make sure that the door is locked.,ENGLISH
தயவுசெய்து கதவு பூட்டப்பட்டிருக்கவும்,TAMIL
He goes through the forest,ENGLISH
ಅವನು ಕಾಡನ್ನು ಸವರುತ್ತಾನೆ,KANNADA
وہ جنگل سے گزرتا ہے ,URDU
वह जंगल से गुजरता है ,HINDI
అతను అడవిలో వెళ్ళి ఉంటాడు,TELUGU
അവൻ കാട്ടിൽ പോകുന്നു,MALAYALAM
Ask him to come here,ENGLISH
ಅವನನ್ನು ಇಲ್ಲಿ ಬರಲು ಕೇಳಿ ,KANNADA
اسے یہاں آنے کے لئے کہیں ,URDU
उससे यहाँ आने को कहें,HINDI
అతనికి ఇక్కడ రాండండి,TELUGU
അവനെ ഇവിടെ വാങ്ങുക ,MALAYALAM
இன்று மழை பெய்யின் என்ன ஆகும்?,TAMIL
What if it rains today?,ENGLISH
ಇಂದು ಮಳೆ ಬರುತ್ತಿದ್ದರೆ ಏನಾಗುತ್ತದೆ?,KANNADA
آج بارش ہو جائے تو کیا ہو گا؟ ,URDU
आज बारिश हो जाए तो क्या होगा?,HINDI
ఈ రోజు వర్షం పడితే ఏమవుతుంది? ,TELUGU
ഇന്ന് മഴ പെയ്യുമ്പോള്‍ എന്താകുമെന്ന് ചോദിക്കുന്നു?,MALAYALAM
அவன் ஏன் இன்னும் போகவில்லை?,TAMIL
Why doesn't he leave yet?,ENGLISH
ಅವನು ಏನು ಇನ್ನೂ ಬಾಹ್ಯವಾಗಿಲ್ಲದಿದ್ದಾನೆ?,KANNADA
وہ ابھی کیوں نہیں چلا گیا؟,URDU
वह अभी क्यों नहीं छोड़ रहा है?,HINDI
అతను ఏమిటికాలిపోతున్నాడు?,TELUGU
അവൻ എങ്ങനെ എന്നാൽ അപ്പോൾ എങ്ങനെ?,MALAYALAM
என்னை குற்றப்படுத்த வேண்டாம்,TAMIL
Don't accuse me,ENGLISH
: ನನ್ನನ್ನು ದೂರಿಕೊಳ್ಳಬೇಡಿ,KANNADA
مجھے الزام نہ لگائیں,URDU
मुझे इल्ज़ाम न लगाएं,HINDI
నన్ను ఆరోపించడానికి లేదు,TELUGU
എനിക്ക് അരിക വരുത്താനാകില്ല,MALAYALAM
நான் காபி குடிக்கும் பழக்கம் உள்ளேன்,TAMIL
I am used to drinking coffee.,ENGLISH
ನಾನು ಕಾಫಿ ಕುಡಿಯುವುದು ಹೆಚ್ಚುತ್ತಿದ್ದೇನೆ,KANNADA
مجھے قہوہ پینا عادت ہے,URDU
मुझे कॉफ़ी पीने की आदत है,HINDI
నాకు కాఫీ తాగడం అభ్యంతరమే,TELUGU
എനക്ക് കോഫി കുടിയുന്നത് പരിശീലനം ആയിരിക്കുന്നു,MALAYALAM
"ദയവായി, ഒരു കോഫി കപ്പ് എടുക്കാനുള്ള അനുമതി നല്‍കു",MALAYALAM
దయచేసి ఒక కాఫీ కప్పించండి ,TELUGU
क्या मैं एक कप कॉफ़ी पा सकता हूँ?,HINDI
"براہ کرم، مجھے ایک چائے کا کپ چاہیے ",URDU
ಒಂದು ಕಾಫಿ ದಯವಿಟ್ಟು,KANNADA
"Can I have a cup of coffee, please?",ENGLISH
ஒரு காபி கொடுக்கலாமா?,TAMIL
அவன் வழியில் உள்ளான்,TAMIL
He is on the way,ENGLISH
ಅವನು ದಾರಿಯಲ್ಲಿದ್ದಾನೆ,KANNADA
وہ راستے میں ہے,URDU
वह रास्ते में है,HINDI
అతను పథంలో ఉన్నాడు,TELUGU
അവൻ വഴിയിൽ ഉണ്ട്,MALAYALAM
அவனை நம்புவதில் எந்த பயனும் இல்லை,TAMIL
There is no use of believing him,ENGLISH
ಅವನನ್ನು ನಂಬಲು ಯಾವ ಉಪಯೋಗವೂ ಇಲ್ಲ ,KANNADA
اسے یقین کرنے کا کوئی فائدہ نہیں ہے,URDU
उसे विश्वास करने में कोई फ़ायदा नहीं है,HINDI
ఆయనను నమ్మడానికి ఏ ఉపయోగం లేదు,TELUGU
അവനെ വിശ്വസിക്കാന്‍ അനുവദിക്കുന്ന എന്തോരു ഉപയോഗവുമില്ല,MALAYALAM
You go and bring him.,ENGLISH
ನೀನು ಹೋಗಿ ಅವನನ್ನು ತರು,KANNADA
تم جاؤ اور اُسے لاؤ ,URDU
तुम जाओ और उसे लाओ,HINDI
నీవు వెళ్ళి అతను తీసుకొ,TELUGU
നീ പോകുക അവനെ എടുക്കുക,MALAYALAM
Has the power come?,ENGLISH
ವಿದ್ಯುತ್ ಬಂದಿದೆಯೇ?,KANNADA
بجلی آ گئی ہے؟,URDU
बिजली आ गई है?,HINDI
పవర్ రావాలా?,TELUGU
വൈദ്യുതം വന്നോ?,MALAYALAM
Walk the bicycle,ENGLISH
ಸೈಕಲ್ ನಡೆಸಿ ,KANNADA
سائیکل چلائیں,URDU
साइकिल चलाएं,HINDI
సైకిల్ నడిపించండి,TELUGU
സൈക്കിൾ നടക്കുക,MALAYALAM
இங்கே வாருங்கள்,TAMIL
Come here,ENGLISH
ಇಲ್ಲಿ ಬನ್ನಿ,KANNADA
یہاں آئیے,URDU
यहाँ आइए,HINDI
ఇక్కడ రా,TELUGU
ഇവിടെ വാ,MALAYALAM
He is so old that he can't walk.,ENGLISH
ಅವನು ಹೋಗಲು ಹೊರಟುಹೋಗಲಾಗದಷ್ಟು ಪುರಾತನ.,KANNADA
وہ اتنا بڑھا ہوا ہے کہ وہ چل نہیں سکتا۔,URDU
वह इतने बूढ़ा है कि वह चल नहीं सकता।,HINDI
అతను అంత పురాతనంగా ఉన్నాడు ఎందుకంటే అటువంటిపడుకొని చచ్చి వెళ్ళలేకపోతున్నాడు.,TELUGU
അവന്‍ അതിനാല്‍ നടക്കാന്‍ കഴിയാതെ പഴയകാലം ആയിരിക്കുന്നു.,MALAYALAM
"Take an umbrella, it is raining now.",ENGLISH
"ಒಂದು ಛಾಯಾಚಾಪಾ ತೆಗೆದುಕೊಳ್ಳಿ, ಈಗ ಮಳೆ ಬರುತ್ತಿದೆ.",KANNADA
"چھترا لے لو، اب بارش ہورہی ہے۔",URDU
"एक छाता लेलो, अभी बारिश हो रही है।",HINDI
"ఒక చావాడిని తీసుకోండి, ఇప్పుడే వర్షం పడుతుంది.",TELUGU
"ഒരു ഉമ്ബ്രല്ല എടുക്കുക, ഇപ്പോഴും മഴ പൊക്കുന്നു.",MALAYALAM
Give that pen to me,ENGLISH
ಆ ಪೆನ್ ನನಗೆ ಕೊಡಿ,KANNADA
اُس قلم کو مجھے دو,URDU
उस कलम को मुझे दो,HINDI
అంగుళాన్ని నాకు ఇవ్వండి,TELUGU
അത് പെൻ എനിക്ക് അനുഗ്രഹിക്കൂ,MALAYALAM
"Those who would like to join me in my venture, please come. Welcome!",ENGLISH
ನನ್ನ ಪ್ರಯಾಣದಲ್ಲಿ ಸೇರಲು ಇಚ್ಛಿಸುವವರು ದಯವಿಟ್ಟು ಬನ್ನಿ. ಸ್ವಾಗತ!,KANNADA
"جو لوگ میرے ساتھ آنا چاہتے ہیں، براہ کرم آئیں۔ خوش آمدید! ",URDU
"जो लोग मेरे साथ आना चाहते हैं, कृपया आइए। स्वागत है!",HINDI
"నా యాత్రలో సహాయపడాలని ఆసక్తి కలిగిన వారు, దయచేసి రాండి. స్వాగతం! ",TELUGU
"എന്റെ യാത്രയിൽ സഹായിക്കാൻ ഇഷ്ടപ്പെടുന്നവർ, ദയവായി വരുക. സ്വാഗതം! ",MALAYALAM
Please have a seat in the room for up to 10 people.,ENGLISH
"ಕೊಂಚೆಯಿಂದ ಹೊರಗೆ ಕೂಡಿಸಿಕೊಂಡು, 10 ಜನರಿಗೆ ಕೂಡಲೇ ಕೂಡಾ ಕೂಡಿಕೊಳ್ಳಿ.",KANNADA
مہم کریں اور 10 لوگوں کے لیے کمرے میں بیٹھیں بنائیں۔,URDU
कृपया कमरे में बैठने के लिए 10 लोगों को आमंत्रित करें।,HINDI
దయచేసి గడియారంలో ఉన్నంత 10 వారికి ఆసీస్తే బాగుంది.,TELUGU
10 പേർക്ക് കൂടിയാണ് കുടക്കാനായി കമ്പരത്തിൽ കുളിക്കുക.,MALAYALAM
கோபம் ,TAMIL
Anger,ENGLISH
ಕೋಪ ,KANNADA
غصہ ,URDU
गुस्सा ,HINDI
కోపం ,TELUGU
കോപം ,MALAYALAM
Pour the water in the utensil,ENGLISH
ಪಾತ್ರೆಗೆ ನೀರು ಹಾಕಿ,KANNADA
برتن میں پانی ڈالیں,URDU
बर्तन में पानी डालें,HINDI
పాత్రలో నీటిని పోయండి,TELUGU
പാത്രത്തിൽ വെള്ളം പൊടിക്കുക,MALAYALAM
Delhi is the capital of India.,ENGLISH
தில்லி இந்தியாவின் தலைநகர் ஆகும்,TAMIL
दिल्ली भारत की राजधानी है। ,HINDI
ദിൽഹി ഇന്ത്യയുടെ രാജധാനി ആണ്,MALAYALAM
 దిల్లీ భారతదేశంలో రాజధాని,TELUGU
دہلی بھارت کا دارالحکومت ہے,URDU
சென்னை தமிழ்நாடுக் குடியரசின் தலைநகராகும்,TAMIL
Chennai is the capital of the state of Tamil Nadu.,ENGLISH
चेन्नई तमिलनाडु की राजधानी है,HINDI
ചെന്നൈ തമിഴ് നാടുവിന്റെ രാജധാനിയാണ്,MALAYALAM
அவள் ஷாப்பில் போகிறார்,TAMIL
She is going to shop,ENGLISH
അവള്‍ ഷോപ്പിലേക്ക് പോകുന്നു ,MALAYALAM
ఆమె షాప్‌కు వెళ్ళిపోతుంది,TELUGU
وہ خریداری کرنے جا رہی ہے,URDU
वह खरीददारी के लिए जा रही है ,HINDI
सा व्यापारं गच्छति,SANSKRIT
எனக்கு தூங்க விரும்புகிறேன் ,TAMIL
I feel so sleepy.,ENGLISH
എനക്ക് നിദ്രാപൂരിതം ആയിരിക്കുന്നു ,MALAYALAM
నాకు నిద్ర రావడం ఉంది ,TELUGU
مجھے بہت خواب آ رہا ہے ,URDU
मुझे बहुत नींद आ रही है ,HINDI
मम अत्यन्त निद्रितोऽस्ति,SANSKRIT
ನನಗೆ ನಿದ್ರೆ ಬರುತ್ತಿದೆ,KANNADA
அவள் இட்லி சாப்பிடுகின்றார்,TAMIL
She is eating idli.,ENGLISH
ಅವಳು ಇಡ್ಲಿ ತಿನ್ನುತ್ತಿದ್ದಾಳೆ,KANNADA
అమ్మ ఇడ్లీ తిన్నారు,TELUGU
وہ اڈلی کھا رہی ہے,URDU
അവൾ ഇഡ്ലി കഴിക്കുന്നു,MALAYALAM
वह इडली खा रही है ,HINDI
सा इड्ली भुङ्क्ते,SANSKRIT
நாளை புத்தாண்டு,TAMIL
Tomorrow is a new year,ENGLISH
ನಾಳೆ ಹೊಸ ವರ್ಷ ಇದೆ,KANNADA
നാളെ പുതുവത്സരം,MALAYALAM
రేపు కొత్త సంవత్సరం,TELUGU
کل نیا سال ہے,URDU
कल नया साल है,HINDI
भविष्यं नववर्षः,SANSKRIT
அவள் என்னை மனதிலாக மன்னிக்கின்றார்,TAMIL
She is forgiving me,ENGLISH
ಅವಳು ನನಗೆ ಕ್ಷಮಿಸುತ್ತಿದ್ದಾಳೆ,KANNADA
അവൾ ഞാൻ ക്ഷമിക്കുന്നു,MALAYALAM
ఆమె నాకు క్షమిస్తుంది,TELUGU
وہ مجھے معاف کر رہی ہے,URDU
वह मुझे माफ कर रही है,HINDI
सा मां क्षमयति,SANSKRIT
அவன் வீடு மிகவும் அழகாக உள்ளது,TAMIL
என் சோகம் பல நாட்கள் ஆகிவிட்டது.,TAMIL
அந்த புதிய புகைப்படம் அருமையாக உள்ளது.,TAMIL
அந்த கதையை நான் உணர்ந்தேன்,TAMIL
அந்த பரிந்துரை என் மனதை அழுக்கின்றது,TAMIL
என் வீடு தமிழ்நாட்டில் உள்ளது. ,TAMIL
இந்த புதிய புத்தகம் அருகிலுள்ள கடையில் கிடைக்கும்,TAMIL
என் சோகத்தை நீ அரிதும் அறியவில்லை. ,TAMIL
இந்தியா ஒரு பல்வேறு நாடுகளின் கூடுதல் நாடுகளில் ஒன்று,TAMIL
நான் குழந்தையை காப்பாற்றுகிறேன்.,TAMIL
நான் உன்னை எப்போதும் நினைக்கிறேன்.,TAMIL
அவள் கண்ணை காண விரும்புகிறாள்,TAMIL
அந்த கட்டுரை பரிசுக்கு மிகவும் உடையது,TAMIL
நீ என்னை பிரிந்துவிட்டாய்,TAMIL
பழைய நாடுகளில் சமீபத்தில் போன நான் என் அந்தச் செல்வமையை காணவில்லை.,TAMIL
இந்திய நாடு அனைத்து கடற்கரைகளிலும் காணப்படுகிறது,TAMIL
அவனுக்கு பிடித்தது எனக்கு பிடித்தது,TAMIL
நீ என்னை பார்த்துக்கொண்டு பள்ளிக்கு போனாய். ,TAMIL
என் பரிசுகள் அனைத்தும் உள்ளன,TAMIL
என் உடைகள் எனக்கு பிடிக்கின்றன,TAMIL
என் வாழ்க்கையில் உள்ள அனைத்தும் எனக்கு அருமையாக இருக்கின்றது,TAMIL
இனிய புத்தாண்டு வாழ்த்துக்கள்,TAMIL
Happy New Year,ENGLISH
"""नया साल मुबारक हो",HINDI
ಹೊಸ ವರ್ಷದ ಶುಭಾಶಯಗಳು,KANNADA
నూతన సంవత్సర శుభాకాంక్షలు,TELUGU
نیا سال مبارک ہو,URDU
नववर्षस्य शुभाशयाः,SANSKRIT
പുതുവത്സരാശംസകൾ,MALAYALAM
"No, you are not a joke to me.",ENGLISH
"नहीं, तुम मेरे लिए मजाक नहीं हो.",HINDI
"ಇಲ್ಲ, ನೀವು ನನಗೆ ಹೊಸಬುಟ್ಟಿದ್ದಲ್ಲ.",KANNADA
"కాదు, నేను మీకు అపహాస్యం చేయను.",TELUGU
"نہیں، آپ میرے لئے مذاق نہیں ہیں.",URDU
"न, त्वं मम मुग्धः न भवसि.",SANSKRIT
"അല്ല, നിനക്ക് എനിക്ക് ഹാസ്യമല്ല.",MALAYALAM
நான் என் குடும்பத்தை விரும்புகிறேன்,TAMIL
என் அருகிலுள்ள பூங்காற்றில் சுகமாக இருக்கிறேன்,TAMIL
பதினெட்டு வயதில் நான் ஒரு கவிஞனாக இருக்கிறேன்,TAMIL
என் உயிரோடு போராடுகிறேன்,TAMIL
Patience is a virtue that leads to better decision-making.,ENGLISH
Cooking can be a therapeutic and enjoyable activity.,ENGLISH
The world is full of opportunities waiting to be explored.,ENGLISH
Kindness can make a significant impact on someone's day.,ENGLISH
The sound of rain is soothing and calming.,ENGLISH
Reading a good book is a great way to relax.,ENGLISH
Success comes to those who work hard and persevere.,ENGLISH
Traveling opens your mind to different cultures.,ENGLISH
Laughter is the best medicine for a bad day.,ENGLISH
She is a talented artist who creates beautiful paintings.,ENGLISH
Learning new things is always exciting.,ENGLISH
The sun rises in the east and sets in the west.,ENGLISH
I love spending time with my family.,ENGLISH
நான் என் குழந்தைகளுக்கு அழகாக வாழ விரும்புகிறேன்,TAMIL
எனக்கு புதிய செய்தியை அறிந்துகொள்ள விரும்புகிறேன்,TAMIL
நான் என் வாழ்க்கையை மேம்படுத்த விரும்புகிறேன்,TAMIL
என் குழந்தைகளுக்கு நல்ல கல்வி வழங்க விரும்புகிறேன்,TAMIL
எனக்கு எதிர்காலத்தில் அறிந்துகொள்ள விரும்புகிறேன்,TAMIL
என் பள்ளியில் நான் மிகவும் சந்தோஷமாக உள்ளேன்,TAMIL
నాకు పుస్తకాలు చదివడం ఇష్టం.,TELUGU
సూర్యోదయం అద్భుతంగా ఉంటుంది.,TELUGU
కొన్ని నూరు వాక్యాలు ఉన్నాయి.,TELUGU
నవ్వు హాస్యం కలిగిపోతుంది.,TELUGU
కొత్త భాష నేర్చుకుందంటూ సాధించడం కష్టం.,TELUGU
పని చేయడం మరియు సాధించడం కష్టంగా ఉంది.,TELUGU
ఆకాశం మీరాక బాగుంది.,TELUGU
వర్తనంలో ప్రగతి కలిగిపోతుంది.,TELUGU
హామీల్స్‌ మీకు నివేదిస్తున్నారు.,TELUGU
మరింత మరింత అవసరాలు ఉన్నాయి.,TELUGU
బ్యూటిఫుల్ సన్సెట్ మా అక్కడ చూసినది.,TELUGU
ఒక కొంచెం చక్కని అనుభవం ఉంది.,TELUGU
వార్తాపత్రికలు పరిశోధన చేస్తున్నాయి.,TELUGU
ప్రేమకు ఒక సూక్ష్మ అర్థం ఉంది.,TELUGU
సౌందర్యం మీకు ఉన్నాదా?,TELUGU
"గమనించండి, నాకు ఒక సందేశం ఉంది.",TELUGU
ప్రతిరోజు ఎక్కువ పనులు ఉండాలి.,TELUGU
మనసు ఏకాగ్రమైనప్పుడు ప్రతియొక్కరికి చేరుకోవచ్చు.,TELUGU
నీతిని కాయమైన ఆధారంగా ఉంచండి.,TELUGU
చూసిన సరదాగా ఉంది.,TELUGU
కథనం కష్టమైన అంశంగా ఉంది.,TELUGU
మరియున్ని ఉదాహరణలు ఇవే.,TELUGU
నాకు మీ సహాయం కావాలి.,TELUGU
"ఆనందంగా ఉన్నాను అనిపించదగినా, నా జీవనం అలాగే ఉండవచ్చు.",TELUGU
మీరు ఎలా ఉంటున్నారు?,TELUGU
మీకు ఎంత సమయం పడిపోతుంది?,TELUGU
ప్రతి ఒక్కరి జీవితంలో ఒక గొప్ప ముఖ్యమైన అంశం ఉంది.,TELUGU
విద్యార్థిగా నాకు చదవటం ఇష్టం.,TELUGU
ప్రతి రోజు వ్యాయామం చేస్తే ఆరోగ్యం మెరుగుపడతారు.,TELUGU
నేను ఆధునిక సాంస్కృతిక చరిత్రను అభ్యస్తంగా ఉండాలి.,TELUGU
వీటిని పరీక్షించడం కష్టం ఉండదు.,TELUGU
నీతి ఒక దేశానికి ఆధారంగా ఉండాలి.,TELUGU
"అర్థం అవసరంగా ఉండాలి, కానీ మాతృభాషను కాయమైనంత ఉపయోగించాలి.",TELUGU
నేను ప్రతిసారి పరీక్షాలను ఆక్రమించినప్పుడు అనుకుంటాను.,TELUGU
అతని అవగాహన మీకు ఇవ్వాలి.,TELUGU
సౌందర్యం సదా దృష్టిలో ఉండాలి.,TELUGU
ప్రేమికులతో ఆత్మిక సంబంధాలు మెరుగుపడాలి.,TELUGU
మనసును ఆరామగా ఉంచుకోవడం అంతరాళాన్ని మెరుగుపరచడం.,TELUGU
ఆరోగ్యం మానవ జీవితంలో అత్యంత ముఖ్యమైన అంశం.,TELUGU
"నాకు సాహసం లేదు, కానీ నాకు ఆత్మవిశ్వాసం ఉంది.",TELUGU
మీరు ఎలాంటి కలిగేదిని ప్రతి రోజు చూస్తున్నారా?,TELUGU
మీరు ఎక్కువ సమయం ఎక్కువ పనులకు ఉపయోగిస్తున్నారా?,TELUGU
మీరు ఇప్పటివరకు ఏమి చేస్తున్నారు?,TELUGU
నాకు మీరు ఎంత కాలం పని చేస్తున్నారు అంటే చాలా ఆనందం.,TELUGU
మీరు ఇంకా ఏమి నరకం చేస్తున్నారు?,TELUGU
మీరు ఎక్కువ పరీక్షలను ఎంచుకున్నారా?,TELUGU
మీరు ఇప్పటివరకు ఏమి కలిగిపోయారు?,TELUGU
మీరు ఇంకా ఏమి చేస్తున్నారు?,TELUGU
నాకు మీరు ఎంత సమయం పని చ,TELUGU
Music has the power to evoke strong emotions.,ENGLISH
Helping others brings a sense of fulfillment and joy.,ENGLISH
"Every cloud has a silver lining, even in difficult times.",ENGLISH
A smile can brighten someone's day.,ENGLISH
Setting goals is the first step towards achieving them.,ENGLISH
Nature has a way of rejuvenating the mind and soul.,ENGLISH
Learning from mistakes is crucial for personal growth,ENGLISH
Friendship is a treasure that should be valued.,ENGLISH
Time management is key to a productive and balanced life.,ENGLISH
Honesty is the foundation of trust in any relationship.,ENGLISH
Challenges make life interesting and fulfilling.,ENGLISH
Meditation helps in achieving inner peace and tranquility.,ENGLISH
Positive thoughts lead to positive outcomes.,ENGLISH
The best way to predict the future is to create it.,ENGLISH
Gratitude can turn ordinary days into extraordinary ones.,ENGLISH
Teamwork makes the dream work.,ENGLISH
A healthy diet is essential for overall well-being.,ENGLISH
Curiosity fuels the desire to learn and explore.,ENGLISH
Worrying about the past or future takes away from the present.,ENGLISH
Family is not just an important thing; it's everything.,ENGLISH
"Success is a journey, not a destination.",ENGLISH
Change is the only constant in life.,ENGLISH
A positive attitude can overcome any obstacle.,ENGLISH
Creativity is intelligence having fun.,ENGLISH
Learning a new language opens doors to new perspectives.,ENGLISH
Challenges are opportunities in disguise.,ENGLISH
A grateful heart attracts more blessings.,ENGLISH
Dreams don't work unless you do.,ENGLISH
Every day is a chance to make a difference.,ENGLISH
Life is too short to hold grudges.,ENGLISH
Embracing diversity makes the world richer.,ENGLISH
A good laugh and a long sleep are the two best cures.,ENGLISH
"Success is not final, failure is not fatal: It is the courage to continue that counts.",ENGLISH
"Respect is earned, not given.",ENGLISH
Travel is the only thing you can buy that makes you richer.,ENGLISH
Your attitude determines your direction in life.,ENGLISH
Kind words cost nothing but can mean everything.,ENGLISH
The best way to predict your future is to create it.,ENGLISH
Every accomplishment starts with the decision to try.,ENGLISH
Life is what happens when you're busy making other plans.,ENGLISH
"Believe you can, and you're halfway there.",ENGLISH
The only limit to our realization of tomorrow will be our doubts of today.,ENGLISH
Actions speak louder than words.,ENGLISH
Be the change that you wish to see in the world.,ENGLISH
"Love for all, hatred for none.",ENGLISH
Life is short; smile while you still have teeth.,ENGLISH
The best is yet to come.,ENGLISH
"Happiness is a choice, not a result.",ENGLISH
You are never too old to set another goal or to dream a new dream.,ENGLISH
Be yourself; everyone else is already taken.,ENGLISH
"The more you give, the more you receive.",ENGLISH
Life is 10% what happens to us and 90% how we react to it.,ENGLISH
The only way to do great work is to love what you do.,ENGLISH
Success is stumbling from failure to failure with no loss of enthusiasm.,ENGLISH
Life is either a daring adventure or nothing at all.,ENGLISH
You never know how strong you are until being strong is your only choice.,ENGLISH
The purpose of our lives is to be happy.,ENGLISH
"In three words, I can sum up everything I've learned about life: It goes on.",ENGLISH
Be the kind of person your dog thinks you are.,ENGLISH
"Life is really simple, but we insist on making it complicated.",ENGLISH
It always seems impossible until it's done.,ENGLISH
Success usually comes to those who are too busy to be looking for it.,ENGLISH
Don't watch the clock; do what it does. Keep going.,ENGLISH
"Life is short, and it's up to you to make it sweet.",ENGLISH
Life is a journey that must be traveled no matter how bad the roads and accommodations.,ENGLISH
The best revenge is massive success.,ENGLISH
"Challenges are what make life interesting, and overcoming them is what makes life meaningful.",ENGLISH
Life is 10% what happens to us and 90% how we react to it.,ENGLISH
The best way to predict your future is to create it.,ENGLISH
Don't cry because it's over; smile because it happened.,ENGLISH
"You only live once, but if you do it right, once is enough.",ENGLISH
Life is what happens when you're busy making other plans.,ENGLISH
To live is the rarest thing in the world. Most people exist; that is all.,ENGLISH
Life is too important to be taken seriously.,ENGLISH
"Life is really simple, but we insist on making it complicated.",ENGLISH
"Life is short, and it's up to you to make it sweet.",ENGLISH
Life is a journey that must be traveled no matter how bad the roads and accommodations.,ENGLISH
The purpose of our lives is to be happy.,ENGLISH
"Life is really simple, but we insist on making it complicated.",ENGLISH
"Life is short, and it's up to you to make it sweet.",ENGLISH
Life is a journey that must be traveled no matter how bad the roads and accommodations.,ENGLISH
The best revenge is massive success.,ENGLISH
"Challenges are what make life interesting, and overcoming them is what makes life meaningful.",ENGLISH
Life is 10% what happens to us and 90% how we react to it.,ENGLISH
The best way to predict your future is to create it.,ENGLISH
Don't cry because it's over; smile because it happened.,ENGLISH
"to preserve these features, save in an Excel file format",ENGLISH
I hope you find these sentences interesting and diverse!,ENGLISH
I enjoy reading books in my free time.,ENGLISH
The sun sets beautifully over the horizon.,ENGLISH
She is a talented singer with a mesmerizing voice.,ENGLISH
We are planning a family vacation to the mountains.,ENGLISH
Learning a new language can be a rewarding experience.,ENGLISH
some features might be lost,ENGLISH
आत्मनं विद्धि ,SANSKRIT
सत्यमेव जयते,SANSKRIT
अहिंसा परमो धर्मः ,SANSKRIT
योगः कर्मसु कौशलम् ,SANSKRIT
विद्या ददाति विनयम्,SANSKRIT
श्रद्धावान् लभते ज्ञानम् ,SANSKRIT
सर्वे भद्राणि पश्यन्तु मा कश्चिद् दुःखभाग्भवेत् ,SANSKRIT
स्वस्ति अस्तु,SANSKRIT
सर्वे भवन्तु सुखिनः ,SANSKRIT
वसुधैव कुटुम्बकम् ,SANSKRIT
आपदामपहर्तारम् ,SANSKRIT
देवी भगवती हरि हरा के पुरुषे हुं फट् स्वाहा ,SANSKRIT
यथा राजा तथा प्रजा ,SANSKRIT
असतोमा सद्गमय ,SANSKRIT
सत्यं वद ,SANSKRIT
सहनाववतु,SANSKRIT
कर्मण्येवाधिकारस्ते मा फलेषु कदाचन ,SANSKRIT
शान्तिः शान्तिः शान्तिः,SANSKRIT
आप नीति: प्रतिहत्य न स्यात् ,SANSKRIT
वाक्यं सत्यं प्रयुञ्जीत ,SANSKRIT
सर्वत्र समदर्शिन: ,SANSKRIT
अहिंसा परमो धर्मः ,SANSKRIT
योगः कर्मसु कौशलम् ,SANSKRIT
तमसो मा ज्योतिर्गमय ,SANSKRIT
स्वस्तिप्रजाभ्यः परिपालयन्ताम्,SANSKRIT
सर्वे जनाः सुखिनो भवन्तु ,SANSKRIT
वसुधैव कुटुम्बकम् ,SANSKRIT
आत्मनो मोक्षार्थम् जगद्धिताय च,SANSKRIT
"योऽसौ ब्रह्मा, योऽसौ विष्णुः, योऽसौ रुद्रः, योऽसौ इन्द्रः",SANSKRIT
आनन्दोऽहं ब्रह्मास्मीति वेदान्तवाक्ये भावः ,SANSKRIT
"उत्तिष्ठते, जाग्रते, प्राप्य वरान्निबोधत ",SANSKRIT
मृत्योर्मामृतं गमय ,SANSKRIT
सत्यस्य सत्यं नास्ति,SANSKRIT
असतोमा सद्गमय ,SANSKRIT
एकं सद्विप्रा बहुधा वदन्ति ,SANSKRIT
तत्त्वमसि ,SANSKRIT
अहम् ब्रह्मास्मि,SANSKRIT
सर्वं खल्विदं ब्रह्म,SANSKRIT
अयं आत्मा ब्रह्म ,SANSKRIT
सत्यं ज्ञानमनन्तं ब्रह्म ,SANSKRIT
तत्त्वमसि ,SANSKRIT
प्रज्ञानं ब्रह्म ,SANSKRIT
अहम् ब्रह्मास्मि ,SANSKRIT
सोऽहम् ,SANSKRIT
सर्वं खल्विदं ब्रह्म ,SANSKRIT
अयं आत्मा ब्रह्म,SANSKRIT
"सत्यं वद, धर्मं चर",SANSKRIT
अहिंसा परमो धर्मः ,SANSKRIT
योगः कर्मसु कौशलम्,SANSKRIT
The birds chirped merrily in the early morning sunlight.,ENGLISH
My favorite hobby is painting landscapes with vibrant colors.,ENGLISH
"He diligently worked on his project, determined to excel.",ENGLISH
The aroma of freshly baked cookies filled the kitchen.,ENGLISH
They explored the ancient ruins with awe and curiosity.,ENGLISH
She eloquently expressed her thoughts in the heartfelt letter.,ENGLISH
A gentle breeze rustled the leaves on the trees.,ENGLISH
The adventurous cat climbed to the top of the tall tree.,ENGLISH
I cherish the memories of our unforgettable road trip.,ENGLISH
The scientist made a groundbreaking discovery in the field of genetics,ENGLISH
The golden sunset painted the sky in warm hues.,ENGLISH
Reading a good book is like embarking on a literary journey.,ENGLISH
"Laughter echoed through the room, creating a joyful atmosphere.",ENGLISH
The diligent student meticulously prepared for the upcoming exam.,ENGLISH
The aroma of freshly brewed coffee wafted through the air.,ENGLISH
The athlete displayed incredible agility and skill on the field.,ENGLISH
"Serene waves gently lapped against the sandy shore, creating a peaceful ambiance.",ENGLISH
I enjoy reading books in my free time.,ENGLISH
The sun sets beautifully over the horizon.,ENGLISH
Learning a new language can be challenging but rewarding.,ENGLISH
Laughter is contagious and brightens up any day.,ENGLISH
Exploring new cultures broadens your perspective on life.,ENGLISH
Hard work and determination are keys to success.,ENGLISH
A cup of tea and a good book make for a perfect evening.,ENGLISH
The sound of rain tapping on the window is soothing.,ENGLISH
Kindness is a language everyone understands.,ENGLISH
Setting goals gives life a sense of direction.,ENGLISH
Cooking is both an art and a therapeutic activity.,ENGLISH
Patience is a virtue that leads to great achievements.,ENGLISH
Regular exercise is crucial for maintaining good health.,ENGLISH
Music has the power to evoke a wide range of emotions.,ENGLISH
Helping others is a noble and fulfilling endeavor.,ENGLISH
"Every cloud has a silver lining, even in tough times.",ENGLISH
A smile can brighten someone's day and yours too.,ENGLISH
Positive thoughts lead to positive actions.,ENGLISH
Teamwork makes the dream work.,ENGLISH
A healthy diet is essential for overall well-being.,ENGLISH
Curiosity fuels the desire to learn and grow.,ENGLISH
Worrying about the past or future takes away from the present.,ENGLISH
Family is not just an important thing; it's everything.,ENGLISH
"Success is a journey, not a destination.",ENGLISH
Change is the only constant in life.,ENGLISH
A positive attitude can overcome any obstacle.,ENGLISH
Creativity is intelligence having fun.,ENGLISH
Learning a new skill opens up new opportunities.,ENGLISH
Challenges are opportunities for growth.,ENGLISH
Gratitude can transform ordinary days into extraordinary ones.,ENGLISH
Time spent with loved ones is time well spent.,ENGLISH
"Respect is earned, not given.",ENGLISH
Traveling broadens the mind and enriches the soul.,ENGLISH
Your attitude determines your altitude.,ENGLISH
Kind words cost nothing but can mean everything.,ENGLISH
Dreams don't work unless you do.,ENGLISH
Every day is a chance to make a positive impact.,ENGLISH
Life is too short to hold onto grudges.,ENGLISH
Embracing diversity makes the world a better place.,ENGLISH
A good laugh and a good sleep are two remedies for anything.,ENGLISH
Success is not final; failure is not fatal: It's the courage to continue that counts.,ENGLISH
Respect is the cornerstone of any healthy relationship.,ENGLISH
Travel is the only thing you can buy that makes you richer.,ENGLISH
Your actions speak louder than your words.,ENGLISH
Be the change you wish to see in the world.,ENGLISH
"Love for all, hatred for none.",ENGLISH
Life is short; smile while you still have teeth.,ENGLISH
The best is yet to come.,ENGLISH
"Happiness is a choice, not a result.",ENGLISH
You're never too old to set another goal or to dream a new dream.,ENGLISH
Be yourself; everyone else is already taken.,ENGLISH
"The more you give, the more you receive.",ENGLISH
Life is 10% what happens to us and 90% how we react to it.,ENGLISH
The only way to do great work is to love what you do.,ENGLISH
Success is stumbling from failure to failure with no loss of enthusiasm.,ENGLISH
Life is either a daring adventure or nothing at all.,ENGLISH
You never know how strong you are until being strong is your only choice.,ENGLISH
The purpose of our lives is to be happy.,ENGLISH
"In three words, I can sum up everything I've learned about life: It goes on.",ENGLISH
Life is too important to be taken seriously.,ENGLISH
"Life is short, and it's up to you to make it sweet.",ENGLISH
Life is a journey that must be traveled no matter how bad the roads and accommodations.,ENGLISH
The best revenge is massive success.,ENGLISH
"Challenges are what make life interesting, and overcoming them is what makes life meaningful.",ENGLISH
Life is 10% what happens to us and 90% how we react to it.,ENGLISH
The best way to predict your future is to create it.,ENGLISH
Don't cry because it's over; smile because it happened.,ENGLISH
"You only live once, but if you do it right, once is enough.",ENGLISH
Life is what happens when you're busy making other plans.,ENGLISH
To live is the rarest thing in the world. Most people exist; that is all.,ENGLISH
Life is too important to be taken seriously.,ENGLISH
"Life is really simple, but we insist on making it complicated.",ENGLISH
"Life is short, and it's up to you to make it sweet.",ENGLISH
Life is a journey that must be traveled no matter how bad the roads and accommodations.,ENGLISH
The best revenge is massive success.,ENGLISH
"Challenges are what make life interesting, and overcoming them is what makes life meaningful.",ENGLISH
Life is 10% what happens to us and 90% how we react to it.,ENGLISH
The best way to predict your future is to create it.,ENGLISH
Don't cry because it's over; smile because it happened.,ENGLISH
"You only live once, but if you do it right, once is enough.",ENGLISH
Life is what happens when you're busy making other plans.,ENGLISH
To live is the rarest thing in the world. Most people exist; that is all.,ENGLISH
Life is too important to be taken seriously.,ENGLISH
"Life is really simple, but we insist on making it complicated.",ENGLISH
"Life is short, and it's up to you to make it sweet.",ENGLISH
Life is a journey that must be traveled no matter how bad the roads and accommodations.,ENGLISH
The best revenge is massive success.,ENGLISH
"Challenges are what make life interesting, and overcoming them is what makes life meaningful.",ENGLISH
Life is 10% what happens to us and 90% how we react to it.,ENGLISH
The best way to predict your future is to create it.,ENGLISH
Don't cry because it's over; smile because it happened.,ENGLISH
"You only live once, but if you do it right, once is enough.",ENGLISH
Life is what happens when you're busy making other plans.,ENGLISH
To live is the rarest thing in the world. Most people exist; that is all.,ENGLISH
Life is too important to be taken seriously.,ENGLISH
"Life is really simple, but we insist on making it complicated.",ENGLISH
"Life is short, and it's up to you to make it sweet.",ENGLISH
Life is a journey that must be traveled no matter how bad the roads and accommodations.,ENGLISH
The best revenge is massive success.,ENGLISH
"Challenges are what make life interesting, and overcoming them is what makes life meaningful.",ENGLISH
ARE YOU ALRIGHT NOW,ENGLISH
smooth writing paper,ENGLISH
classify the following,ENGLISH
ignore the negativity,ENGLISH
ഞാൻ ഇന്ന് പൂട്ടി സ്വന്തം സേവനം ചെയ്യുന്നു.,MALAYALAM
എനിക്ക് എനിക്ക് എന്റെ അമ്മയെ സ്നേഹിക്കാൻ ആഗ്രഹമുണ്ട്. ,MALAYALAM
സൂര്യൻ പ്രഭ വർദ്ധിപ്പിക്കുന്നു.,MALAYALAM
അടിപൊളി ഒരു വനം സുന്ദരമാണ്. ,MALAYALAM
പുസ്തകം വായിക്കൽ ഞാൻ ആദ്യകാല പ്രിയമായിരുന്നു. ,MALAYALAM
എല്ലാ വിദ്യാർത്ഥികളും പഠിക്കുന്നു. ,MALAYALAM
രാണി ഒരു സൊന്ഗ് പാടി.,MALAYALAM
അങ്കനം ഉണ്ട്. ,MALAYALAM
ദേവദത്ത ഒരു പുസ്തകം എഴുതി. ,MALAYALAM
അവന് അവന്റെ സ്നേഹിതനെ കണ്ടു. ,MALAYALAM
میں نے کچھ دیر پہلے چائے پی ہے,URDU
ہمیشہ مسکراتے رہو,URDU
میرا نام احمد ہے,URDU
سب چیزیں خوبصورت ہیں,URDU
وہ بہت خوبصورت ہے,URDU
ہمیشہ سچ بولو,URDU
چھوٹا کوچھ ہونا بڑا نہیں ہوتا,URDU
ہر روشنی گھبراہٹ کا نشان ہوتی ہے,URDU
اچھے دوست ملنا مشکل ہوتا ہے,URDU
میرے دل میں تم ہمیشہ رہو گے,URDU
رات کو چاندنی بہت خوبصورت ہوتی ہے,URDU
ہمیشہ کامیابی کی طرف بڑھو,URDU
ہر اچھے کام کا وقت آتا ہے,URDU
زندگی کا لطف اچھے رشتوں میں ہوتا ہے,URDU
میرا دل تم پر فدا ہے,URDU
میری ماں مجھ سے بہت محبت کرتی ہیں,URDU
ہمیشہ محتاط رہو,URDU
آسمان میں تارے چمکتے ہیں,URDU
میرے دل کا دروازہ ہمیشہ تمہارے لئے کھلا ہے,URDU
زندگی ہر روشنی اور تارے کی طرح ہوتی ہے,URDU
خواب دیکھنا اچھا ہوتا ہے,URDU
محبت ہر مشکل کو آسان بنا دیتی ہے۔,URDU
"چاہے جو بھی ہو، دل سے کرو",URDU
اچھا کرنے والے کا میں ہمیشہ شکریہ ادا کرتا ہوں,URDU
ہمیشہ ہنسنا بہترین دوا ہے۔ ,URDU
ہمیشہ مصروف رہو,URDU
زندگی ہر رنگ میں خوبصورت ہوتی ہے,URDU
دعا ہمیشہ خیریت مانگتی ہے,URDU
کوشش ہمیشہ کامیابی لاتی ہے,URDU
میرا دل تم پر فدا ہے۔,URDU
حقیقت سچ ہے۔ ,URDU
میری دعاؤں میں تم ہمیشہ شامل ہو۔ ,URDU
ہمیشہ ہر کام کو سنگھار کرنے کا وقت ہوتا ہے,URDU
محنت ہر براہ کرمات کا ذریعہ ہوتی ہے,URDU
تم ہمیشہ میرے دل میں ہو۔ ,URDU
محبت ہر زخم کو بھر دیتی ہے۔ ,URDU
میرے دل کو چھوڑو نہیں۔ ,URDU
ہر اچھا عمل بڑا عمل ہوتا ہے۔ ,URDU
زندگی ہر دن نیا سفر ہوتی ہے۔ ,URDU
ہر شخص خصوصی ہوتا ہے۔,URDU
چھوٹی چھوٹی خوشیاں ہر دن میں چھپی ہوتی ہیں۔ ,URDU
ہر مشکل کا حل محنت میں ہوتا ہے۔ ,URDU
ہمیشہ دوسروں کی مدد کرنا بڑا بات ہے۔,URDU
ہمیشہ امید رکھو,URDU
زندگی ہر لمحے کا لطف اچھا ہوتا ہے۔ ,URDU
ہمیشہ محبت کرنا بڑا ہوتا ہے۔ ,URDU
دنیا میں ہر چیز خوبصورت ہوتی ہے۔ ,URDU
دعا ہمیشہ حقیقت میں بدل ,URDU
ہر چیز ممکن ہے,URDU
محبت ہر راستے کو روشن کرتی ہے,URDU
خواب میں بھی محبت ہوتی ہے۔ ,URDU
ہر اچھے علاقے میں خوبصورت ہوتا ہے۔ ,URDU
ہر مقابلے میں خوبصورتی ہوتی ہے۔ ,URDU
خوابوں کی دنیا ہر لمحے میں بڑی ہوتی ہے,URDU
ہر اچھے دوست میں محبت ہوتی ہے۔ ,URDU
ہمیشہ محنت کرنا اچھا ہوتا ہے۔ ,URDU
ہر موقع اچھا ہوتا ہے۔ ,URDU
خواب میں بھی ہر راستے میں محنت ہوتی ہے۔,URDU
محبت ہر دل کو خوش کر دیتی ہے,URDU
ہمیشہ اچھا سوچنا بڑا ہوتا ہے۔,URDU
ہر اچھے دن میں محبت ہوتی ہے۔ ,URDU
ہر شخص کی قیمت ہوتی ہے۔ ,URDU
ہر دن خوبصورت ہوتا ہے۔ ,URDU
ہمیشہ حکمت عملی ہوتا ہے۔ ,URDU
خوبصورت ہوتا ہ,URDU
விவசாயம் என்பது வாழ்க்கையின் அடிப்படையில் உள்ளது.,TAMIL
மாடுகளை பாதுகாக்கும் வேலையாளர்கள்.,TAMIL
விவசாயத்தில் நீடிக்கும் வரலாறு உண்டு.,TAMIL
நீர் மற்றும் மண் உழைந்து விவசாயம் செய்யும் முறை.,TAMIL
பருத்தி விளங்கும் தோட்டங்கள் என்று கேள்வி கேட்டீர்களா?,TAMIL
பருத்தி வாங்குவது எப்படி என்று கேட்டுக் கொள்க. ,TAMIL
விவசாயம் வளர்ப்பது ஒரு அறிமுகம் ஆகும். ,TAMIL
கரும்பு கொதிக்கும் கோடைகள் எங்கு அமைந்துகொள்கின்றன?  ,TAMIL
அந்த பூக்கள் மூலம் விவசாயிகள் பல்வேறு பயிர்களை வளர்த்துக் கொள்ளுகின்றனர். ,TAMIL
குருவிகளை உழைந்து பொருத்துக் கொள்கின்ற நேரத்தில் எந்த பயிருக்கு பெரும் குழம்பு விரும்புகின்றனர்? ,TAMIL
"முதலில் விவசாயம் செய்து, பிறகு பழங்களை வாங்குவது எப்படி?",TAMIL
என் பெயர் கர்த்திக். ,TAMIL
விதவிதமான உலகில் வாழ்க்கை எப்படி இருக்கின்றது என்னுடைய கேள்வி. ,TAMIL
உங்கள் முதல் பரிசு என்ன?,TAMIL
காலை வணக்கம்! நீங்கள் எப்படி இருக்கின்றீர்கள்?,TAMIL
குடும்பத்தின் அனைத்து உதவிகளும் உனக்கு என் ஆசை. ,TAMIL
அந்த புதிய புதிய உலகத்தில் சந்திக்க விரும்புகின்றேன். ,TAMIL
"அவன் உழைந்து, பல காரிகள் பெயர்களை அவனிடம் சொன்னனர்.",TAMIL
காற்று மின்னலுக்கு விளக்கு அளிக்கும். ,TAMIL
இந்தியாவில் அந்தரங்க விமோசனம் நடைபெறுகின்றது. ,TAMIL
இது என் முகம் அல்ல; இது என் உலகம்.,TAMIL
என்னை நீ எவ்வளவு அழைத்துக்கொள்வாய்? ,TAMIL
உன் சொந்தக் காரில் இருந்து எங்கே போகிறாய்? ,TAMIL
அவன் மீது என் நம்பிக்கை அதிர்ச்சியடைந்தது.,TAMIL
அவர் தமது குழந்தைகளை கட்டுவார்கள்,TAMIL
உன் நண்பர்கள் யாருக்கும் உன்னை போல இல்லை. ,TAMIL
அவன் பேசுவது எப்படி என்று நீ அறிந்துகொள்ளுகின்றாய்? ,TAMIL
உன் படிக்காத புத்தகம் இன்னும் உன்னை முடிக்கவில்லை.,TAMIL
உன் விளக்குகள் என் கனவுகளை புகழ்ந்துகொள்ளுகின்றன. ,TAMIL
அந்த படிக்காத புத்தகம் என் மனதை திருப்திப்படுத்துகின்றது.,TAMIL
உனக்குத் தெரியும் பழக்கம் அவனுக்கு என்னை அறிந்துகொள்ளுகின்றது,TAMIL
நீ பதிவு செய்ய எங்கே போகிறாய்?,TAMIL
உன் சுகமான சொல்லுக்கு நான் புதுசாரிப்பு செய்தேன்.,TAMIL
"அவர் என்னை கேட்டார், ""நீ எங்கே போகிறாய்?"" ",TAMIL
புதுசாரிப்பு உனக்கு விருது தரும்.,TAMIL
உன்னை பார்க்க என் கண்கள் உன்னை பார்க்கும்.,TAMIL
பூமிக்குத் தொடர்ந்து நாங்கள் செய்துவரும்.,TAMIL
"அவருக்கு எதிராக நீ விளம்பியும், அவர் அழைக்கும்.",TAMIL
நீ எங்கும் போவாயா? ,TAMIL
அந்த கடையில் எனக்கு உணவு வாங்க.,TAMIL
அவன் உங்களுக்கு என்ன சொல்லுகிறான்? ,TAMIL
இந்த பரிசு எனக்கு பிடித்தது.,TAMIL
உன் படிக்காத புத்தகம் என் கண்களை கொண்டு போகிறது. ,TAMIL
அவருக்கு எதிராக உன் பரிசு என்ன?,TAMIL
இனிய காலைகளே! உன் நாள் உழைக்க விரும்புகின்றேன்.,TAMIL
உன் நண்பர்கள் உனக்கு பகிரவில்லை.,TAMIL
பருத்தி வாங்குவது எப்படி என்று கேள்வி கேட்டுக் கொள்ளுக.,TAMIL
உன் சந்தேகங்களை என்னை அறிந்துகொள்ளலாம். ,TAMIL
உன்னை நினைத்தது என் கனவு. ,TAMIL
என்னை வியாபாரம் செய்து வருகின்றனர். ,TAMIL
அவர் எங்கும் என்னை விரைந்து விடவில்லை.,TAMIL
இந்தியாவில் விவசாயம் பெருகும் இடம்.,TAMIL
உன் பதிவு விவரங்கள் எங்கு உள்ளன?,TAMIL
அந்த புதிய படம் எப்படி இருக்கின்றது என்று தெரிந்து கொள்க. ,TAMIL
உங்கள் பிள்ளைகள் எங்கு பாடினார்கள்?,TAMIL
நீ எப்போதும் என் கருத்தை கேட்டு பதிலளிக்கிறாயா? ,TAMIL
நீ என் வாழ்க்கையில் முக்கியமான இடங்களில் ஒன்று. ,TAMIL
"அவன் என்னை உழைத்து, என் வாழ்க்கையை விரும்புகிறான்.",TAMIL
நீ எந்த நாளில் உழைந்து வந்தாய்?,TAMIL
"பருத்தி விவசாயம் என்றால், என்ன? ",TAMIL
விவசாயத்தில் உழைக்கும் முதலீடுகள் என்ன? ,TAMIL
நீர் வளர்ப்பு உதவிகள் என்ன? ,TAMIL
விவசாயிகள் எப்படி விஷாகிகளை நியந்திரிக்கும்? ,TAMIL
விவசாயத்தில் பயனுள்ள கரிகள் என்ன? ,TAMIL
அழைக்கப்படும் விவசாய நிலங்கள் என்ன? ,TAMIL
விவசாயம் செய்யும் இடங்களில் வாழ்க்கை எப்படி இருக்கும்?  agriculture is practiced?,TAMIL
விவசாயத்தில் பயனுள்ள விதைகள் என்ன? ,TAMIL
பருத்தி விவசாயத்தில் எந்த பணிகள் செய்யப்படுகின்றன? ,TAMIL
விவசாய நிலங்களில் வேளாணி உழைந்து வருகின்றன.,TAMIL
நீர் சேமிக்கும் அருகிலுள்ள தொழில்நுட்பங்கள் என்ன,TAMIL
விவசாயத்தில் பயனுள்ள காரிகள் என்ன?,TAMIL
பருத்தி விவசாயத்தில் அமைக்கப்படும் அதிக உற்பத்திகள் என்ன? ,TAMIL
விவசாய காரிகள் எந்த பணிகளை செய்யுகின்றன?,TAMIL
பருத்தி விவசாயத்தில் நீர் நிரப்புதல் எப்படி செய்யப்படுகிறது? ,TAMIL
விவசாயத்தில் உள்ள வளர்ச்சி தகவல்கள் என்ன? ,TAMIL
நீர் சேமித்து வைக்கும் கரிகள் என்ன?,TAMIL
விவசாய காரிகள் அதிகம் உழைக்கும் இடங்கள் என்ன?,TAMIL
கருத்துகளை உறுதியாக விவசாயிகள் எப்படி செய்யுகின்றார்கள்? ,TAMIL
பருத்தி விவசாயத்தில் எந்த பசுக்கள் பயன்படுகின்றன? ,TAMIL
